A. Alfred Taubman CA&UP - Faculty and Staff,1,Coll of Arch & Urban Planning - Faculty and Staff
Mechanical Engineering - Faculty and Staff,6,College of Engineering - Faculty and Staff
Civil & Environmental Engr - Faculty and Staff,4,College of Engineering - Faculty and Staff
Aerospace Engineering - Faculty and Staff,3,College of Engineering - Faculty and Staff
Materials Science & Engin. - Faculty and Staff,3,College of Engineering - Faculty and Staff
Biomedical Engineering - Faculty and Staff,2,College of Engineering - Faculty and Staff
COE EECS - ECE Division - Faculty and Staff,2,College of Engineering - Faculty and Staff
CoE Macromolecular Sci & Engr - Faculty and Staff,2,College of Engineering - Faculty and Staff
EECS - CSE Division - Faculty and Staff,2,College of Engineering - Faculty and Staff
Industrial & Operations Engin - Faculty and Staff,2,College of Engineering - Faculty and Staff
COE Climate & Space - Faculty and Staff,1,College of Engineering - Faculty and Staff
Chemical Engineering Dept - Faculty and Staff,1,College of Engineering - Faculty and Staff
CoE Center for Health Eng - Faculty and Staff,1,College of Engineering - Faculty and Staff
CoE Undergraduate Education - Faculty and Staff,1,College of Engineering - Faculty and Staff
Nuclear Eng & Radiological Sci - Faculty and Staff,1,College of Engineering - Faculty and Staff
LSA English Language & Lit. - Faculty and Staff,9,"College of Lit, Science & Arts - Faculty and Staff"
LSA Psychology - Faculty and Staff,7,"College of Lit, Science & Arts - Faculty and Staff"
LSA History - Faculty and Staff,5,"College of Lit, Science & Arts - Faculty and Staff"
LSA Physics - Faculty and Staff,5,"College of Lit, Science & Arts - Faculty and Staff"
LSA Chemistry - Faculty and Staff,3,"College of Lit, Science & Arts - Faculty and Staff"
LSA Germanic Languages & Lit. - Faculty and Staff,3,"College of Lit, Science & Arts - Faculty and Staff"
LSA Mathematics - Faculty and Staff,3,"College of Lit, Science & Arts - Faculty and Staff"
LSA Molec./Cell./Develop. Bio - Faculty and Staff,3,"College of Lit, Science & Arts - Faculty and Staff"
LSA UG: Environment - Faculty and Staff,3,"College of Lit, Science & Arts - Faculty and Staff"
LSA UG: Honors - Faculty and Staff,3,"College of Lit, Science & Arts - Faculty and Staff"
LSA Women's Studies - Faculty and Staff,3,"College of Lit, Science & Arts - Faculty and Staff"
LSA Anthropology - Faculty and Staff,2,"College of Lit, Science & Arts - Faculty and Staff"
LSA Astronomy - Faculty and Staff,2,"College of Lit, Science & Arts - Faculty and Staff"
LSA DAAS - Faculty and Staff,2,"College of Lit, Science & Arts - Faculty and Staff"
LSA Dean: Dean's Office - Faculty and Staff,2,"College of Lit, Science & Arts - Faculty and Staff"
LSA Ecology & Evolutionary Bio - Faculty and Staff,2,"College of Lit, Science & Arts - Faculty and Staff"
LSA Linguistics - Faculty and Staff,2,"College of Lit, Science & Arts - Faculty and Staff"
LSA Political Science - Faculty and Staff,2,"College of Lit, Science & Arts - Faculty and Staff"
LSA Sociology - Faculty and Staff,2,"College of Lit, Science & Arts - Faculty and Staff"
LSA American Culture - Faculty and Staff,1,"College of Lit, Science & Arts - Faculty and Staff"
LSA Asian Languages & Cultures - Faculty and Staff,1,"College of Lit, Science & Arts - Faculty and Staff"
LSA Classical Studies - Faculty and Staff,1,"College of Lit, Science & Arts - Faculty and Staff"
LSA Communication Studies - Faculty and Staff,1,"College of Lit, Science & Arts - Faculty and Staff"
LSA Economics - Faculty and Staff,1,"College of Lit, Science & Arts - Faculty and Staff"
LSA Philosophy - Faculty and Staff,1,"College of Lit, Science & Arts - Faculty and Staff"
LSA Romance Languages & Lit. - Faculty and Staff,1,"College of Lit, Science & Arts - Faculty and Staff"
LSA Sweetland Writing Center - Faculty and Staff,1,"College of Lit, Science & Arts - Faculty and Staff"
LSA UG: Curriculum Support - Faculty and Staff,1,"College of Lit, Science & Arts - Faculty and Staff"
LSA UG: Residential College - Faculty and Staff,1,"College of Lit, Science & Arts - Faculty and Staff"
G. Ford Sc Pub Pol - Faculty and Staff,1,Ford School of Public Policy - Faculty and Staff
Inst/Research Women & Gender - Faculty and Staff,1,Inst/Research Women & Gender - Faculty and Staff
RCGD-Rsrch Cntr for Grp Dyn - Faculty and Staff,2,Institute for Social Research - Faculty and Staff
SRC - Education & Well Being - Faculty and Staff,1,Institute for Social Research - Faculty and Staff
Law School - Faculty and Staff,1,Law School - Faculty and Staff
MI Nanotechnology Institute - Faculty and Staff,1,MI Nanotechnology Institute - Faculty and Staff
Microbiology and Immunology - Faculty and Staff,1,Medical School - Faculty and Staff
Office of Research - Faculty and Staff,1,Office of Research - Faculty and Staff
Michigan Society of Fellows - Faculty and Staff,1,Rackham Graduate School - Faculty and Staff
Ross School of Business - Faculty and Staff,6,Ross School of Business - Faculty and Staff
SOE-Educational Studies - Faculty and Staff,7,School of Education - Faculty and Staff
School of Information - Faculty and Staff,4,School of Information - Faculty and Staff
School of Kinesiology - Faculty and Staff,2,School of Kinesiology - Faculty and Staff
School of Music - Faculty and Staff,4,"School of Music,Theatre&Dance - Faculty and Staff"
SMTD Department of Dance - Faculty and Staff,1,"School of Music,Theatre&Dance - Faculty and Staff"
Health Management and Policy - Faculty and Staff,1,School of Public Health - Faculty and Staff
School of Social Work - Faculty and Staff,2,School of Social Work - Faculty and Staff
Stamps School of Art & Design - Faculty and Staff,4,Stamps School of Art & Design - Faculty and Staff
UMH MCIT CIO Administration - Sponsored Affiliate,3,UMH MCIT CIO Administration - Sponsored Affiliate
Bentley Historical Library - Faculty and Staff,1,University Library - Faculty and Staff
Library Dean - General - Faculty and Staff,1,University Library - Faculty and Staff
VP Global Engmt & Intrdspl AA - Faculty and Staff,2,Vice president - Faculty and Staff
VProv_Global_Engmt_Intrdspl_AA - Faculty and Staff,2,Vice president - Faculty and Staff
Vice President for Research - Faculty and Staff,2,Vice president - Faculty and Staff
Ofc Provost & Exec VP Acad Aff - Faculty and Staff,1,Vice president - Faculty and Staff
VP Academic & Graduate Study - Faculty and Staff,1,Vice president - Faculty and Staff
